character_1,character_2,relationship
رستم,زال زر,فرزند
دختر کید,کید,فرزند
همای بهمن,بهمن اسفندیار,فرزند
به آفرید,گشتاسپ,فرزند
تهمینه,شاه سمنگان,فرزند
همای اسفندیار,گشتاسپ,فرزند
فرنگیس,افراسیاب تورانی,فرزند
ماه آفرید(دخترتور),تور,فرزند
مالکه,نوشه,فرزند
مالکه,طایر,فرزند
اسفندیار,کتایون,فرزند
نوشه,نرسی بهرام,فرزند
منیژه,افراسیاب تورانی,فرزند
ناهید,فیلقوس,فرزند
روشنک,دارای داراب,فرزند
شنبلید (دختر برزین),برزین دهقان,فرزند
ماه آفرید (دختر برزین),برزین دهقان,فرزند
رودابه,مهراب,فرزند
کودک کفشگر,مادر کودک کفشگر,فرزند
آرزو,سرو شاه یمن,فرزند
آزاده خوی,سرو شاه یمن,فرزند
سهی,سرو شاه یمن,فرزند
دختر خاقان (نوشین روان),خاقان (انوشیروان),فرزند
سهراب,رستم,فرزند
اسماعیل,ابراهیم پیامبر,فرزند
رستم,رودابه,فرزند
فریدون,آبتین,فرزند
سلم,فریدون,فرزند
تور,فریدون,فرزند
ایرج,فریدون,فرزند
ارنواز,جمشید,فرزند
شهرناز,جمشید,فرزند
نعمان,منذر,فرزند
اسفندیار,گشتاسپ,فرزند
فرود,سیاوش,فرزند
فرود,جریره,فرزند
سیاوش,خویش گرسیوز,فرزند
کی خسرو,سیاوش,فرزند
کی خسرو,فرنگیس,فرزند
جریره,پیران ویسه,فرزند
جریره,گلشهر,فرزند
افراسیاب تورانی,پشنگ,فرزند
گو سندلی,جمهور,فرزند
طلخند,مای طلخند,فرزند
طلخند,مادر طلخند و گو,فرزند
گو سندلی,مادر طلخند و گو,فرزند
گیو,گودرز,فرزند
بهرام گودرز,گودرز,فرزند
بیژن,گیو,فرزند
شغاد,زال زر,فرزند
نوش زاد,کسرا انوشیروان,فرزند
بهمن اسفندیار,اسفندیار,فرزند
رهام,گودرز,فرزند
گودرز,گشواد,فرزند
هوشنگ,سیامک,فرزند
سیامک,کیومرث,فرزند
تهمورث,هوشنگ,فرزند
گستهم نوذر,نوذر,فرزند
توس,نوذر,فرزند
نوذر,منوچهر,فرزند
زرسپ طوس,توس,فرزند
سرخه,افراسیاب تورانی,فرزند
هجیر,گودرز,فرزند
منوچهر,پشنگ (فریدون),فرزند
منوچهر,ماه آفرید(ایرج),فرزند
ضحاک,مرداس,فرزند
فریدون,فرانک,فرزند
زرسپ منوچهر,منوچهر,فرزند
پشنگ,زادشم,فرزند
کاووس,کی قباد,فرزند
کی آرش,کی قباد,فرزند
کی پشین,کی قباد,فرزند
فریبرز,کاووس,فرزند
سودابه,شاه هاماوران,فرزند
زواره,زال زر,فرزند
گستهم (سهراب),گژدهم,فرزند
شیده,افراسیاب تورانی,فرزند
برزین گرشاسب,جمشید,فرزند
اندمان توس,توس,فرزند
جهن,افراسیاب تورانی,فرزند
قراخان,افراسیاب تورانی,فرزند
گردگیر,افراسیاب تورانی,فرزند
گشتاسپ,لهراسپ,فرزند
زریر,لهراسپ,فرزند
سقیل,قیصر (گشتاسپ),فرزند
پشوتن,گشتاسپ,فرزند
پشوتن,کتایون,فرزند
اردشیر گشتاسب,گشتاسپ,فرزند
شیدسب,گشتاسپ,فرزند
گرامی پسر جاماسب,جاماسب پیشگو,فرزند
بستور,زریر,فرزند
نیوزار,گشتاسپ,فرزند
کهرم پسر بزرگ ارجاسپ,ارجاسب,فرزند
مهرنوش اسفندیار,اسفندیار,فرزند
نوش آذر اسفندیار,اسفندیار,فرزند
لهراسپ,اورند شاه,فرزند
اورند شاه,کی پشین,فرزند
شغاد,کنیزک (مادر شغاد),فرزند
ساسان پسر بهمن (اردشیر),بهمن اسفندیار,فرزند
ساسان ساسان بهمن,ساسان پسر بهمن (اردشیر),فرزند
داراب,همای بهمن,فرزند
دارای داراب,داراب,فرزند
اسکندر,داراب,فرزند
اسکندر,ناهید,فرزند
قیدروش,قیدافه,فرزند
دختر کید,کید,فرزند
ساسان پسر دارا,دارای داراب,فرزند
بهمن اردوان,اردوان,فرزند
شاهوی,هفتواد,فرزند
شاپور اردشیر,اردشیر بابکان,فرزند
اورمزد شاپور,شاپور اردشیر,فرزند
بهرام اورمزد,اورمزد شاپور,فرزند
بهرام بهرام,بهرام اورمزد,فرزند
بهرام بهرامیان,بهرام بهرام,فرزند
نرسی بهرام,بهرام بهرامیان,فرزند
اورمزد نرسی,نرسی بهرام,فرزند
مالکه,نوشه,فرزند
مالکه,طایر,فرزند
الیاس,مهراس,فرزند
جمشید,تهمورث,فرزند
ایرج,ارنواز,فرزند
سلم,شهرناز,فرزند
تور,شهرناز,فرزند
کیانوش (برادر آفریدون),فرانک,فرزند
کیانوش (برادر آفریدون),آبتین,فرزند
پرمایه (برادر آفریدون),آبتین,فرزند
پرمایه (برادر آفریدون),فرانک,فرزند
دختر ماه آفرید,ماه آفرید(ایرج),فرزند
دختر ماه آفرید,ایرج,فرزند
شاپور هوبه سنبا,مادر شاپور هوبه سنبا,فرزند
شاپور پسر شاپور هوبه سنبا,شاپور هوبه سنبا,فرزند
بهرام شاپور,شاپور پسر شاپور هوبه سنبا,فرزند
بهرام گور,یزدگرد بزه کار,فرزند
منذر,نعمان,فرزند
سیسنک (یکی از چهار خواهر),مرد آسیابان,فرزند
مشک(یکی از چهار از خواهر),مرد آسیابان,فرزند
ناز (یکی از چهار خواهر),مرد آسیابان,فرزند
سوسنک (یکی از چهار خواهر),مرد آسیابان,فرزند
مشک(یکی از چهار از خواهر),همسر آسیابان,همسر
سوسنک (یکی از چهار خواهر),همسر آسیابان,همسر
سیسنک (یکی از چهار خواهر),همسر آسیابان,همسر
ناز (یکی از چهار خواهر),همسر آسیابان,همسر
ماه آفرید (دختر برزین),برزین دهقان,فرزند
شنبلید (دختر برزین),برزین دهقان,فرزند
فرانک (دختر برزین),برزین دهقان,فرزند
ماه آفرید (دختر برزین),همسر برزین,همسر
شنبلید (دختر برزین),همسر برزین,همسر
فرانک (دختر برزین),همسر برزین,همسر
آزاده ماهیار,ماهیار بازرگان,فرزند
پسر شنگل,شنگل (بهرام گور),فرزند
پسر شنگل,دختر فغفور چین,فرزند
دختر فغفور چین,فغفور چین (بهرام گور),فرزند
سپینود,شنگل (بهرام گور),فرزند
سپینود,همسر شنگل,همسر
یزدگرد پور بهرام گور,بهرام گور,فرزند
خوشنواز,خاقان چین (پیروز),فرزند
زرمهر,سوخراش / سوفزای,فرزند
کسرا انوشیروان,قباد پیروز,فرزند
دختر خاقان (نوشین روان),خاتون (نوشین روان),فرزند
دختر خاقان (نوشین روان),خاقان (انوشیروان),فرزند
گو سندلی,جمهور,فرزند
طلخند,مای طلخند,فرزند
پرموده,خاقان (پدرپرموده),فرزند
دختر خاقان (بهرام چوبینه),خاقان (بهرام چوبینه),فرزند
دختر خاقان (بهرام چوبینه),خاتون (بهرام چوبینه),فرزند
نستود (پسر خسروپرویز),خسرو پرویز,فرزند
فرود خسروپرویز,خسرو پرویز,فرزند
مردان شه,خسرو پرویز,فرزند
نستود (پسر خسروپرویز),شیرین,فرزند
فرود خسروپرویز,شیرین,فرزند
مردان شه,شیرین,فرزند
پسر ماهوی,ماهوی,فرزند
سه پسر ماهوی,ماهوی,فرزند
شاه شیرویه,خسرو پرویز,فرزند
پیروز (شاه),یزدگرد پور بهرام گور,فرزند
اردشیر شیروی,شاه شیرویه,فرزند
قارن کاوه,کاوه,فرزند
دختر بابک,بابک,فرزند
دختر هفتواد,هفتواد,فرزند
کی بیرش,کی قباد,فرزند
رودابه,سیندخت,فرزند
سهراب,تهمینه,فرزند
سام,نریمان,فرزند
زال زر,سام,فرزند
زال زر,نگاری (سام),فرزند
نوش زاد,زن پرمایه,فرزند
خسرو پرویز,هرمز پسر نوشین روان,فرزند
قباد پیروز,پیروز (شاه),فرزند
بلاش,پیروز (شاه),فرزند
روشنک,دلارای دارا,فرزند
بارمان پسر ویسه,ویسه,فرزند
شغاد,کنیزک (مادر شغاد),فرزند
کلباد نخست,پیران ویسه,فرزند
کلباد نخست,ویسه,فرزند
اغریرث,پشنگ,فرزند
قباد پهلوان,کاوه,فرزند
سیاوش,کاووس,فرزند
گرگین,میلاد,فرزند
فرامرز,رستم,فرزند
اشکش,قباد پهلوان,فرزند
رویین,پیران ویسه,فرزند
نستوه گودرز,گودرز,فرزند
دلافروز توش,اسفندیار,فرزند
کهرم پسر ارجاسب,ارجاسب,فرزند
رودابه,زال زر,همسر
تهمینه,رستم,همسر
جریره,سیاوش,همسر
زن گازر,گازر,همسر
گلشهر,پیران ویسه,همسر
سودابه,کاووس,همسر
ارنواز,ضحاک,همسر
شهرناز,ضحاک,همسر
فرانک (دختر برزین),بهرام گور,همسر
فرانک,آبتین,همسر
سیسنک (یکی از چهار خواهر),بهرام گور,همسر
مشک(یکی از چهار از خواهر),بهرام گور,همسر
سوسنک (یکی از چهار خواهر),بهرام گور,همسر
گردیه,گستهم دایی خسرو پرویز,همسر
دختر کید,اسکندر,همسر
دلفروز فرخ,شاپور هوبه سنبا,همسر
دلارای دارا,دارای داراب,همسر
همای اسفندیار,اسفندیار,همسر
همای بهمن,بهمن اسفندیار,همسر
منیژه,بیژن,همسر
مریم دختر قیصر,خسرو پرویز,همسر
ناهید,داراب,همسر
روشنک,اسکندر,همسر
سپینود,بهرام گور,همسر
ماه آفرید (دختر برزین),بهرام گور,همسر
شنبلید (دختر برزین),بهرام گور,همسر
شیرین,خسرو پرویز,همسر
سیندخت,مهراب,همسر
آرزو,سلم,همسر
آزاده خوی,تور,همسر
سهی,ایرج,همسر
دختر خاقان (نوشین روان),کسرا انوشیروان,همسر
ارنواز,فریدون,همسر
شهرناز,فریدون,همسر
کتایون,گشتاسپ,همسر
مادر طلخند و گو,جمهور,همسر
مادر طلخند و گو,مای طلخند,همسر
خویش گرسیوز,کاووس,همسر
, گشتاسپ,همسر
دختر کید,اسکندر,همسر
دختر اردوان,اردشیر بابکان,همسر
دختر ماه آفرید,پشنگ (فریدون),همسر
زن بهرام سیاوش,بهرام پور سیاوش,همسر
مشک(یکی از چهار از خواهر),بهرام گور,همسر
سیسنک (یکی از چهار خواهر),بهرام گور,همسر
ناز (یکی از چهار خواهر),بهرام گور,همسر
سوسنک (یکی از چهار خواهر),بهرام گور,همسر
ماه آفرید (دختر برزین),بهرام گور,همسر
فرانک (دختر برزین),بهرام گور,همسر
شنبلید (دختر برزین),بهرام گور,همسر
شنگل (بهرام گور),دختر فغفور چین,همسر
, شنگل,همسر
خاقان (انوشیروان),خاتون (نوشین روان),همسر
مادر طلخند و گو,جمهور,همسر
مادر طلخند و گو,مای طلخند,همسر
دختر خاقان (بهرام چوبینه),بهرام چوبیه,همسر
مریم دختر قیصر,خسرو پرویز,همسر
گنجور زن قیصر,شاپور هوبه سنبا,همسر
دختر بابک,اردشیر بابکان,همسر
شاپور اردشیر,دختر مهرک,همسر
سام,نگاری (سام),همسر
زن پرمایه,کسرا انوشیروان,همسر
آزاده ماهیار,بهرام گور,همسر
فرنگیس,سیاوش,همسر
گردیه,خسرو پرویز,همسر
, گردوی,همسر
گردیه,گستهم دایی خسرو پرویز,همسر
قیدروش,دختر فریان,همسر
سپینود,بهرام گور,همسر
برزین دهقان,,همسر
همای اسفندیار,اسفندیار,خواهربرادری
به آفرید,اسفندیار,خواهربرادری
گردیه,بهرام چوبیه,خواهربرادری
گردیه,گردوی (چوبینه),خواهربرادری
رستم,زواره,خواهربرادری
کهرم برادر ارجاسب,ارجاسب,خواهربرادری
شغاد,رستم,خواهربرادری
مای طلخند,جمهور,خواهربرادری
گو سندلی,طلخند,خواهربرادری
بارمان پسر ویسه,پیران ویسه,خواهربرادری
قباد پهلوان,قارن کاوه,خواهربرادری
کیانوش (برادر آفریدون),فریدون,خواهربرادری
پرمایه (برادر آفریدون),فریدون,خواهربرادری
گرسیوز,افراسیاب تورانی,خواهربرادری
پیلسم,پیران ویسه,خواهربرادری
لهاک,پیران ویسه,خواهربرادری
فرشیدورد,پیران ویسه,خواهربرادری
نستیهن,پیران ویسه,خواهربرادری
اردشیر نیکوکار,شاپور هوبه سنبا,خواهربرادری
ایرج,تور,خواهربرادری
تور,سلم,خواهربرادری
سلم,ایرج,خواهربرادری
کیانوش (برادر آفریدون),پرمایه (برادر آفریدون),خواهربرادری
یزدگرد بزه کار,بهرام شاپور,خواهربرادری
نرسی برادر بهرام گور,بهرام گور,خواهربرادری
برادر شنگل,شنگل (بهرام گور),خواهربرادری
مای طلخند,جمهور,خواهربرادری
نیاتوس,مریم دختر قیصر,خواهربرادری
پیروز (شاه),هرمز پسر یزدگرد,خواهربرادری
اندریمان (برادر ارجاسب),ارجاسب,خواهربرادری
بلاش,قباد پیروز,خواهربرادری
یانس,قیصر (شاپور),خواهربرادری
فرشیدورد (برادر اسفندیار),اسفندیار,خواهربرادری
هومان,پیران ویسه,خواهربرادری
گستهم دایی خسرو پرویز,هرمز پسر نوشین روان,کشنده
رستم,اسفندیار,کشنده
رستم,اشکبوس,کشنده
رستم,دیو سپید,کشنده
رستم,شاه مازندران,کشنده
رستم,سودابه,کشنده
فرود,زرسپ طوس,کشنده
رستم,سهراب,کشنده
گروی,سیاوش,کشنده
بیژن,هومان,کشنده
بیژن,پلاشان,کشنده
بیژن,رویین,کشنده
رهام,فرود,کشنده
سام,کاکوی,کشنده
فریبرز,کلباد,کشنده
پور آهرمن,سیامک,کشنده
گستهم نوذر,فرشیدورد,کشنده
گستهم نوذر,لهاک,کشنده
افراسیاب تورانی,نوذر,کشنده
توس,ارژنگ زره,کشنده
فرامرز,ورازاد,کشنده
روزبانان (سرخه),سرخه,کشنده
رستم,پیلسم,کشنده
منوچهر,کاکوی,کشنده
رستم,الکوس,کشنده
گودرز,پیران ویسه,کشنده
شیرین,شیرین,کشنده
بهرام گودرز,کبوده,کشنده
تژاو,بهرام گودرز,کشنده
گیو,تژاو,کشنده
رستم,چنگش,کشنده
رستم,ساوه کاموس,کشنده
رستم,کافور,کشنده
بیژن,نستیهن,کشنده
برته,کهرم افراسیاب,کشنده
گرگین,اندریمان,کشنده
زنگه,اخواست,کشنده
هجیر,سپهرم,کشنده
فروهل,ژنگوله,کشنده
افراسیاب تورانی,اغریرث,کشنده
کی خسرو,شیده,کشنده
منوچهر آرش,کهیلا,کشنده
فریبرز,خرنجاش,کشنده
ضحاک,جمشید,کشنده
بارمان پسر ویسه,قباد پهلوان,کشنده
رستم,ارژنگ دیو,کشنده
رستم,جویان,کشنده
رستم,ژنده رزم,کشنده
فرود,ریونیز داماد توس,کشنده
کاموس کشانی,الوای زابلی,کشنده
رستم,گهار,کشنده
رستم,اکوان,کشنده
کی خسرو,افراسیاب تورانی,کشنده
تخوار,طلایه دار سپاه مکران,کشنده
بی درفش,زریر,کشنده
اسفندیار,بی درفش,کشنده
سپاه ارجاسپ,اردشیر گشتاسب,کشنده
سپاه ارجاسپ,شیر اورمزد,کشنده
سپاه ارجاسپ,گرامی پسر جاماسب,کشنده
سپاه ارجاسپ,نیوزار,کشنده
شیدسب,کهرم پسر ارجاسب,کشنده
سپاه کهرم پسر بزرگ ارجاسپ,لهراسپ,کشنده
,‌ی نامشخص,کشنده
گشتاسپ,گرگ بیشه‌ی فاسقون,کشنده
نوش آذر اسفندیار,الوای (دیگر),کشنده
زواره,نوش آذر اسفندیار,کشنده
فرامرز,مهرنوش اسفندیار,کشنده
شغاد,رستم,کشنده
رستم,شغاد,کشنده
فرامرز,شاه کابل,کشنده
جانوشیار,دارای داراب,کشنده
ماهیار موبد,دارای داراب,کشنده
شاپور هوبه سنبا,طایر,کشنده
ضحاک,مرداس,کشنده
ضحاک,برمایه (گاو),کشنده
ضحاک,آبتین,کشنده
تور,ایرج,کشنده
خنگ (اسب , ی یزدگرد),کشنده
بهرام گور,کرگ (بهرام گور),کشنده
کسرا انوشیروان,سیمای برزین,کشنده
کسرا انوشیروان,بهرام آذرمهان,کشنده
شیرین,مریم دختر قیصر,کشنده
خسرو آسیابان,یزدگرد سوم,کشنده
سعد وقاص,رستم فرخ زاد,کشنده
رستم,شیر (هفت خوان),کشنده
رستم,زن جادو (هفت خوان),کشنده
اسفندیار,گرگسار,کشنده
اسکندر,اشک (اسکندر),کشنده
سام,اژدهای توس,کشنده
دژخیم شاه مازندران,شاه مازندران,کشنده
اسفندیار,اژدها (هفت خوان اسفندیار),کشنده
اسفندیار,دو گرگ (هفت خوان اسفندیار),کشنده
اسفندیار,شیران (هفت خوان اسفندیار),کشنده
اسفندیار,زن جادو (اسفندیار),کشنده
اسفندیار,سیمرغ (اسفندیار),کشنده
نوش آذر اسفندیار,ترخان (اسنفدیار),کشنده
بهرام گور,اژدها (بهرام گور),کشنده
رهام,بارمان دوم,کشنده
هرمز پسر نوشین روان,زردهشت (انوشیروان),کشنده
هرمزد شهران گراز,فرایین(آپادشاهی ),کشنده
شغاد,رستم,کشنده
قلون (چینی),بهرام چوبیه,کشنده
شغاد,زواره,کشنده
کهرم پسر بزرگ ارجاسپ,فرشیدورد (برادر اسفندیار),کشنده
زال زر,کلباد نخست,کشنده
بهرام چوبیه,مقاتوره,کشنده
قارن کاوه,بارمان پسر ویسه,کشنده
زال زر,خزروان (افراسیاب),کشنده
رخش رستم,شیر (هفت خوان),کشنده
رستم,اژدها (هفت خوان),کشنده
گرازه,سیامک (تورانی),کشنده
کی خسرو,ایلا,کشنده
رستم,پولاد غندی (اولاد غندی),کشنده
رستم,سنجه,کشنده
گشتاسپ,اژدهای سقیلا,کشنده
اسفندیار,ارجاسب,کشنده
گستهم دایی خسرو پرویز,خسرو پرویز,خویشاوند
بندوی,خسرو پرویز,خویشاوند
پشنگ (فریدون),فریدون,خویشاوند
سودابه,سیاوش,خویشاوند
خویش گرسیوز,گرسیوز,خویشاوند
شاه هاماوران,کاووس,خویشاوند
زرسپ طوس,ریونیز کاووس,خویشاوند
هجیر,گژدهم,خویشاوند
گیو,رستم,خویشاوند
سپهرم,افراسیاب تورانی,خویشاوند
مهراب,زال زر,خویشاوند
شاه سمنگان,رستم,خویشاوند
ژنده رزم,سهراب,خویشاوند
سیاوش,پیران ویسه,خویشاوند
قیصر (گشتاسپ),گشتاسپ,خویشاوند
میرین,قیصر (گشتاسپ),خویشاوند
اهرن,قیصر (گشتاسپ),خویشاوند
ساسان ساسانیان,بابک,خویشاوند
تور,سرو شاه یمن,خویشاوند
سلم,سرو شاه یمن,خویشاوند
ایرج,سرو شاه یمن,خویشاوند
خواهر زاده ی بزرگمهر,بزرگمهر,خویشاوند
قیصر (خسرو پرویز),خسرو پرویز,خویشاوند
برانوش,قیصر (خویش برانوش),خویشاوند
سیاوش,رستم,خویشاوند
داراب,گازر,خویشاوند
داراب,زن گازر,خویشاوند
ریونیز داماد توس,توس,خویشاوند
ساوه کاموس,کاموس کشانی,خویشاوند
مه بانوان افراسیاب,افراسیاب تورانی,خویشاوند
سرو شاه یمن,فریدون,برخورد
ماه آفرید(ایرج),فریدون,برخورد
اژدها (فریدون),فریدون,برخورد
سهراب,هجیر,برخورد
سهراب,گژدهم,برخورد
حمزه,عباس,برخورد
برمایه (گاو),فریدون,برخورد
برزین دهقان,بهرام گور,برخورد
گرسیوز,سیاوش,برخورد
قیس پسر حارث,خسرو پرویز,برخورد
سروش خجسته,خسرو پرویز,برخورد
اسکندر,کید,برخورد
اسکندر,دارای داراب,برخورد
اسکندر,دلارای دارا,برخورد
اسکندر,فور هندی,برخورد
اسکندر,خضر,برخورد
اسکندر,الیاس,برخورد
اسکندر,گوش بستر,برخورد
بید,رستم,برخورد
بید,کاووس,برخورد
دیو سپید,کاووس,برخورد
کلباد,نستیهن,برخورد
کلباد,پولاد,برخورد
کلباد,کی خسرو,برخورد
کلباد,خاقان (خاقان چین),برخورد
کلباد,رستم,برخورد
کلباد,کاموس کشانی,برخورد
خضر,اسکندر,برخورد
مانی,شاپور هوبه سنبا,برخورد
کیومرث,پور آهرمن,برخورد
اهرمن (تهمورث),تهمورث,برخورد
کسرا انوشیروان,فرفوریوس,برخورد
اسپنوی,بیژن,برخورد
گستهم نوذر,بیژن,برخورد
موسی,نوذر,برخورد
گروخان,نوذر,برخورد
فرامرز,سرخه,برخورد
رستم,سرخه,برخورد
توس,سرخه,برخورد
زواره,سرخه,برخورد
گیو,پیلسم,برخورد
فرامرز,پیلسم,برخورد
زواره,الکوس,برخورد
گستهم (سهراب),گژدهم,برخورد
گیو,پولادوند,برخورد
ابلیس,ضحاک,برخورد
ضحاک,ارمایل,برخورد
ضحاک,گرمایل,برخورد
زیرک (خوابگزار ضحاک),ضحاک,برخورد
نگهبان مرغزار,فریدون,برخورد
مرد دینی,فریدون,برخورد
کاوه,فریدون,برخورد
سروش ایزدی,فریدون,برخورد
نگهبان رود,فریدون,برخورد
سروش خجسته,فریدون,برخورد
دیو جنگی (سپاه کاکو),منوچهر,برخورد
نگهبان کاخ (زال),کنیزان رودابه,برخورد
شماساس,مهراب,برخورد
شماساس,زال زر,برخورد
خزروان (افراسیاب),مهراب,برخورد
قارن کاوه,گرسیوز,برخورد
قارن کاوه,ویسه,برخورد
زال زر,اغریرث,برخورد
اولاد,رستم,برخورد
کاووس,شاه هاماوران,برخورد
شاه هاماوران,رستم,برخورد
الکوس,زواره,برخورد
سهراب,کاووس,برخورد
هیربد کاووس,سیاوش,برخورد
طورگ,زنگه,برخورد
کلباد,سیاوش,برخورد
جهن,سیاوش,برخورد
نستیهن,سیاوش,برخورد
هومان,سیاوش,برخورد
هومان,رستم,برخورد
سروش خجسته,گودرز,برخورد
کلباد,گیو,برخورد
نستیهن,گیو,برخورد
بیژن,تژاو,برخورد
بهرام گودرز,فرود,برخورد
گیو,فرود,برخورد
توس,فرود,برخورد
بیژن,فرود,برخورد
گیو,تژاو,برخورد
هومان,توس,برخورد
رهام,بازور,برخورد
گیو,کاموس کشانی,برخورد
توس,کاموس کشانی,برخورد
رهام,اشکبوس,برخورد
پیران ویسه,رستم,برخورد
رستم,شنگل (همپیمان افراسیاب),همپیمان
هومان,گیو,برخورد
گستهم نوذر,کافور,برخورد
گودرز,پولادوند,برخورد
توس,پولادوند,برخورد
رستم,پولادوند,برخورد
گرگین,بیژن,برخورد
بیژن,گرگین,برخورد
گرسیوز,بیژن,برخورد
پیران ویسه,بیژن,برخورد
گیو,گرگین,برخورد
رستم,گرگین,برخورد
رستم,منیژه,برخورد
اشکش,شیده,برخورد
هومان,رهام,برخورد
هومان,فریبرز,برخورد
هومان,گودرز,برخورد
شماخ,هجیر,برخورد
لهاک,گیو,برخورد
فرشیدورد,گیو,برخورد
گرازه,فرشیدورد,برخورد
بیژن,فرشیدورد,برخورد
اندریمان,گستهم نوذر,برخورد
اندریمان,هجیر,برخورد
سیاوش,بهرام گودرز,برخورد
سیاوش,زنگه,برخورد
بیژن,گستهم نوذر,برخورد
اشکش,گرسیوز,برخورد
قارن کاوه,شیده,برخورد
مه بانوان افراسیاب,کی خسرو,برخورد
کی خسرو,فغفور چین (افراسیاب),برخورد
کی خسرو,خاقان چین (افراسیاب),برخورد
افراسیاب تورانی,ملاح (دریابان آب زره),برخورد
کی خسرو,پوشیده رویان افراسیاب,برخورد
کاووس,پوشیده رویان افراسیاب,برخورد
کی خسرو,شاه مکران,برخورد
هوم,کی خسرو,برخورد
هوم,کاووس,برخورد
هوم,گیو,برخورد
هوم,گودرز,برخورد
سروش خجسته,هوم,برخورد
سروش خجسته,کی خسرو,برخورد
زال زر,کی خسرو,برخورد
هیشوی,گشتاسپ,برخورد
اسقف (لهراسپ),گشتاسپ,برخورد
نستاو,گشتاسپ,برخورد
ساربان قیصر,گشتاسپ,برخورد
بوراب,گشتاسپ,برخورد
مهتر ده (رومی، گشتاسب),گشتاسپ,برخورد
کتایون,مهتر ده (رومی، گشتاسب),برخورد
اهرن,گشتاسپ,برخورد
میرین,گشتاسپ,برخورد
سقیل,گشتاسپ,برخورد
قیصر (گشتاسپ),لهراسپ,برخورد
قالوس,لهراسپ,برخورد
زریر,قیصر (گشتاسپ),برخورد
زرتشت,گشتاسپ,برخورد
زرتشت,زریر,برخورد
ارجاسب,گشتاسپ,برخورد
بی درفش,گشتاسپ,برخورد
گرامی پسر جاماسب,نام خواست هزاران,برخورد
بستور,اردشیر (زریر),برخورد
بستور,بی درفش,برخورد
قیصر دوم (گشتاسپ),گشتاسپ,برخورد
شه بت پرستان و رایان هند,گشتاسپ,برخورد
گرزم,اسفندیار,برخورد
جاماسب پیشگو,اسفندیار,برخورد
گشتاسپ,زال زر,برخورد
گشتاسپ,رستم,برخورد
میرین,اهرن,برخورد
اهرن,هیشوی,برخورد
میرین,هیشوی,برخورد
رستم,سیمرغ,برخورد
رخش رستم,سیمرغ,برخورد
بهمن اسفندیار,رستم,برخورد
بهمن اسفندیار,زال زر,برخورد
گازر,داراب,برخورد
زن گازر,داراب,برخورد
رشنواد,داراب,برخورد
شعیب,داراب,برخورد
شاه سوس,داراب,برخورد
فیلقوس,داراب,برخورد
مادیان سمند و کره خنگ,اسکندر,برخورد
ناهید,روشنک,برخورد
کید,اسکندر,برخورد
پزشک کید,اسکندر,برخورد
مهران,کید,برخورد
نه نامور (اسکندر),کید,برخورد
قیدافه,اسکندر,برخورد
خضر,اسکندر,برخورد
اسرافیل,اسکندر,برخورد
بنداه,اسکندر,برخورد
گوش بستر,اسکندر,برخورد
ارسطالیس,اسکندر,برخورد
کید,اسکندر,برخورد
اردشیر بابکان,اردوان,برخورد
هفتواد,اردشیر بابکان,برخورد
کرم,هفتواد,برخورد
کرم,اردشیر بابکان,برخورد
خراد پیر,اردشیر بابکان,برخورد
سروش خجسته,کیومرث,برخورد
فرانک,نگهبان مرغزار,برخورد
مرد دینی,فرانک,برخورد
ضحاک,کاوه,برخورد
جندل,سرو شاه یمن,برخورد
نگهبان الان دژ,قارن کاوه,برخورد
مرد پاکدل (سلم و تور),فریدون,برخورد
طایر,شاپور هوبه سنبا,برخورد
طایر,شاپور هوبه سنبا,برخورد
باغبان (شاپور),شاپور هوبه سنبا,برخورد
همسر باغبان (شاپور),شاپور هوبه سنبا,همسر
سروش هندی,یزدگرد بزه کار,برخورد
نعمان,یزدگرد بزه کار,برخورد
منذر,یزدگرد بزه کار,برخورد
نخاس,سعد (بهرام),برخورد
طینوش,یزدگرد بزه کار,برخورد
گشسب (بهرام گور),بهرام گور,برخورد
میلاد (بهرام گور),بهرام گور,برخورد
پیروز (بهرام گور),بهرام گور,برخورد
گشسب دبیر (بهرام گور),بهرام گور,برخورد
الان شاه (بهرام گور),بهرام گور,برخورد
پارس (بهرام گور),بهرام گور,برخورد
بیورد,بهرام گور,برخورد
شگنان,بهرام گور,برخورد
خسرو (بهرام گور),بهرام گور,برخورد
جوانوی,منذر,برخورد
موبد نخست (آیین تاج),بهرام گور,برخورد
موبد دوم (آیین تاج),بهرام گور,برخورد
پیرمرد (بهرام گور),بهرام گور,برخورد
براهام جهود,بهرام گور,برخورد
لنبک,بهرام گور,برخورد
مرد پاکدل (بهرام گور),بهرام گور,برخورد
مهربنداد,بهرام گور,برخورد
کبروی,بهرام گور,برخورد
مرد آسیابان,بهرام گور,برخورد
همسر آسیابان,بهرام گور,همسر
ماهیار پیر,بهرام گور,برخورد
بازرگان (بهرام گور),بهرام گور,برخورد
شاگرد بازارگان (بهرام گور),بهرام گور,برخورد
همسر برزین,بهرام گور,همسر
طغری,بهرام گور,برخورد
سرشبان (بهرام گور),بهرام گور,برخورد
ماهیار بازرگان,بهرام گور,برخورد
فرشیدورد کدیور,بهرام گور,برخورد
خارزن,بهرام گور,برخورد
همای (فرستاده‌ی بهرام گور),خاقان(عهد بهرام گور),برخورد
برادر شنگل,بهرام گور,برخورد
پسر شنگل,بهرام گور,برخورد
راهنمای هندی,بهرام گور,برخورد
شاه کابل (بهرام),بهرام گور,برخورد
هند شاه,بهرام گور,برخورد
شاه سندل,بهرام گور,برخورد
شاه مندل,بهرام گور,برخورد
جندل (بهرام گور),بهرام گور,برخورد
شاه هیتال (پیروز),پیروز (شاه),برخورد
خوشنواز,سوخراش / سوفزای,برخورد
مرد بینا دل (فرستاده‌ی خوشنواز),پیروز (شاه),برخورد
شاپور رازی,قباد پیروز,برخورد
شاپور رازی,سوخراش / سوفزای,برخورد
دهقان مهتر ده,قباد پیروز,برخورد
مزدک,قباد پیروز,برخورد
پیر (قباد),قباد پیروز,برخورد
خرداد,قباد پیروز,برخورد
مهرآذر پارسی,قباد پیروز,برخورد
مهرآذر پارسی,کسرا انوشیروان,برخورد
پیر (قباد),مزدک,برخورد
پیر (قباد),کسرا انوشیروان,برخورد
خرداد,مزدک,برخورد
مهرآذر پارسی,مزدک,برخورد
فرآیین (شاه کش),مزدک,برخورد
غاتفر,کسرا انوشیروان,برخورد
موبد و مرزبان بلخ,کسرا انوشیروان,برخورد
موبد و مرزبان بامیان,کسرا انوشیروان,برخورد
موبد و مرزبان کرزبان,کسرا انوشیروان,برخورد
رای هند,کسرا انوشیروان,برخورد
داناترین مرد هند,برزوی پزشک,برخورد
شاه ساوه (هرمزد),هرمزد (پسر بهرام گور),برخورد
قیصر (هرمزد),هرمزد (پسر بهرام گور),برخورد
عباس,هرمزد (پسر بهرام گور),برخورد
مهران ستاد,هرمزد (پسر بهرام گور),برخورد
راد فرخ (هرمزد),هرمزد (پسر بهرام گور),برخورد
آیین گشسب,بهرام چوبیه,برخورد
شاهک,بهرام چوبیه,برخورد
سروش خجسته,خسرو پرویز,برخورد
کدخدای (چوبینه),خرداد برزین,برخورد
دو مرد گرانمایه (یزدگرد سوم),یزدگرد سوم,برخورد
دهقان مرو,یزدگرد سوم,برخورد
ترسای ۱,یزدگرد سوم,برخورد
ترسای ۳,یزدگرد سوم,برخورد
ترسای ۲,یزدگرد سوم,برخورد
ترسای ۴,یزدگرد سوم,برخورد
ترسای ۵,یزدگرد سوم,برخورد
ترسای ۶,یزدگرد سوم,برخورد
ترسای ۷,یزدگرد سوم,برخورد
ترسای ۸,یزدگرد سوم,برخورد
ترسای ۹,یزدگرد سوم,برخورد
کدخدای روستای نزدیک شهر,شاپور هوبه سنبا,برخورد
ایرانی جفا دیده,قیصر (شاپور),برخورد
ایرانی جفا دیده,شاپور هوبه سنبا,برخورد
اسکندر,خزاعه,برخورد
مادر کودک کفشگر,بهرام گور,برخورد
پرموده,هرمزد (پسر بهرام گور),برخورد
پرموده,بهرام چوبیه,برخورد
برسام,یزدگرد سوم,برخورد
نصر قتیب,اسکندر,برخورد
پیر مرده,اسکندر,برخورد
برهمن,اسکندر,برخورد
مردم سیاه,اسکندر,برخورد
مردم درشت بدن,اسکندر,برخورد
مرغ ژنده,اسکندر,برخورد
مرده در تخت یاقوت,اسکندر,برخورد
فغفور چین (اسکندر),اسکندر,برخورد
مرد شیرین و سنگ,اسکندر,برخورد
دستور اردوان,اردشیر بابکان,برخورد
دو مرد جوان,اردشیر بابکان,برخورد
ملاح پیر,اردشیر بابکان,برخورد
شبانان در کوه,اردشیر بابکان,برخورد
پرستنده ی کرم,اردشیر بابکان,برخورد
میر,هفتواد,برخورد
کید هندی (اردشیر),اردشیر بابکان,برخورد
مهتر ده (اردشیر),دختر مهرک,برخورد
مهتر ده (اردشیر),دختر مهرک,برخورد
دانش‌پژوه (رهام),رهام,برخورد
باژ خواه (کی خسرو),گیو,برخورد
خرمدل رهنمای (رستم),رستم,برخورد
خواب گزار زبان آور,افراسیاب تورانی,برخورد
موبد کاووس (سیاوش),کاووس,برخورد
زن بد کنش (سودابه),سودابه,برخورد
دیو دژخیم,کاووس,برخورد
دیو دژخیم,اهریمن (مازندران),برخورد
بهرام گودرز,شاه شام,برخورد
شاه بربر,کاووس,برخورد
کلاهور,رستم,برخورد
مرد زورآزمای,رستم,برخورد
کنیزان رودابه,ریدک پهلوان (زال),برخورد
سهراب,گرد آفرید,برخورد
موبد موبدان,زال زر,برخورد
نوش آذر اسفندیار,کهرم پسر ارجاسب,برخورد
بهمن اسفندیار,شیرخون,برخورد
پرستار ویژه‌ی بهرام,منذر,برخورد
دبیر پرهیزگار (بهرام گور),خارزن,برخورد
بهرام هور,خارزن,برخورد
دختر دیگر خاقان (بهرام),خراد برزین,برخورد
باغبان (شاپور),مهتر ده (شاپور),برخورد
موبد موبدان (شاپور هوبه سنبا),باغبان (شاپور),برخورد
دارای داراب,فور هندی,برخورد
برانوش (جانشین),شاپور اردشیر,جانشین
فرآیین (گواه),کسرا انوشیروان,برخورد
هجیر,هومان,برخورد
بارمان دوم,زواره,برخورد
همسر گردوی,گردیه,همسر
یانس,قیصر (شاپور),برخورد
حمزه,هرمز پسر نوشین روان,برخورد
عباس,هرمز پسر نوشین روان,برخورد
زنی شیرین سخن,رودابه,برخورد
زرسپ (کسرا انوشیروان),کسرا انوشیروان,برخورد
جهن برزین,فریدون,برخورد
هرمزد شهران گراز,فرایین(آپادشاهی ),برخورد
کلباد نخست,خزروان (افراسیاب),برخورد
کلباد نخست,شماساس,برخورد
خاقان (جنگ با هیتال),غاتفر,برخورد
مهروی,بندوی,برخورد
رستم,افراسیاب تورانی,برخورد
مهراس (انوشیروان),کسرا انوشیروان,برخورد
افراسیاب تورانی,قارن کاوه,برخورد
زال زر,شماساس,برخورد
رستم,دشتوان (هفت خوان),برخورد
دشتوان (هفت خوان),اولاد,برخورد
مرد زورآزمای,فرهاد مازندران,برخورد
زواره,هومان,برخورد
خویش گرسیوز,توس,برخورد
خویش گرسیوز,گیو,برخورد
هیربد کاووس,سودابه,برخورد
زنگه,افراسیاب تورانی,برخورد
سیاوش,افراسیاب تورانی,برخورد
دمور,سیاوش,برخورد
توس,افراسیاب تورانی,برخورد
کی خسرو,کاووس,برخورد
موبدان آزماینده ی زال,زال زر,برخورد
تژاو,کبوده,برخورد
رویین,بهرام گودرز,برخورد
بهرام گودرز,پیران ویسه,برخورد
خاقان (خاقان چین),پیران ویسه,برخورد
کاموس کشانی,پیران ویسه,برخورد
پیران ویسه,منشور,برخورد
پیران ویسه,فرتوس,برخورد
گله‌دار اسبان افراسیاب,رستم,برخورد
دایه منیژه,بیژن,برخورد
بیژن,افراسیاب تورانی,برخورد
گرگین,رهام,برخورد
اشکش,گرسیوز,برخورد
جهن,منوشان خوزان,برخورد
جهن,کی خسرو,برخورد
کهرم پسر بزرگ ارجاسپ,فرشیدورد (برادر اسفندیار),برخورد
ناهید,دلارای دارا,برخورد
رای هند (خسروپرویز),شاه شیرویه,برخورد
رخش رستم,رستم,برخورد
رستم,چوپان (رخش),برخورد
آزاده کنیز بهرام,بهرام گور,زیردست
اسپنوی,تژاو,زیردست
گلنار,اردوان,زیردست
گلنار,اردشیر بابکان,زیردست
جندل,فریدون,زیردست
بزرگمهر,کسرا انوشیروان,زیردست
جاماسب پیشگو,گشتاسپ,زیردست
کندرو (دستور ضحاک),ضحاک,زیردست
بهرام چوبیه,هرمز پسر نوشین روان,زیردست
رستم,گرشاسب شاه,زیردست
رستم,کی قباد,زیردست
رستم,کاووس,زیردست
رستم,کی خسرو,زیردست
نام خواست هزاران,ارجاسب,زیردست
گیو,کاووس,زیردست
زال زر,کاووس,زیردست
شهرسپ (تهمورث),تهمورث,زیردست
گستهم نوذر,کی خسرو,زیردست
سام,نوذر,زیردست
قارن کاوه,نوذر,زیردست
قارن کاوه,منوچهر,زیردست
شاپور نستوه,منوچهر,زیردست
شاپور نستوه,فریدون,زیردست
سام,منوچهر,زیردست
قباد پهلوان,منوچهر,زیردست
گرشاسب پسر نریمان,منوچهر,زیردست
دیو جنگی (سپاه کاکو),کاکوی,زیردست
ریدک پهلوان (زال),زال زر,زیردست
کنیزان رودابه,رودابه,زیردست
سیه چشم(گنجور زال),زال زر,زیردست
گرسیوز,افراسیاب تورانی,زیردست
کلباد,افراسیاب تورانی,زیردست
ویسه,پشنگ,زیردست
کلباد,پشنگ,زیردست
گرسیوز,پشنگ,زیردست
ارجاسب,پشنگ,زیردست
بارمان پسر ویسه,پشنگ,زیردست
گشواد,منوچهر,زیردست
شماساس,افراسیاب تورانی,زیردست
خزروان (افراسیاب),افراسیاب تورانی,زیردست
تلیمان,نوذر,زیردست
شیدوش (منوچهر),نوذر,زیردست
گشواد,کی قباد,زیردست
زال زر,کی قباد,زیردست
قارن کاوه,کی قباد,زیردست
گرگین,کاووس,زیردست
دیو سپید,شاه مازندران,زیردست
ارژنگ دیو,شاه مازندران,زیردست
پولاد غندی (اولاد غندی),شاه مازندران,زیردست
بید,شاه مازندران,زیردست
توس,کاووس,زیردست
گودرز,کاووس,زیردست
زنگه,کاووس,زیردست
رهام,کاووس,زیردست
فرهاد,کاووس,زیردست
پیران ویسه,افراسیاب تورانی,زیردست
الکوس,افراسیاب تورانی,زیردست
هومان,سهراب,زیردست
سپهرم,افراسیاب تورانی,زیردست
طورگ,افراسیاب تورانی,زیردست
اخواست,افراسیاب تورانی,زیردست
اندریمان,افراسیاب تورانی,زیردست
رویین,افراسیاب تورانی,زیردست
دمور,افراسیاب تورانی,زیردست
گروی,افراسیاب تورانی,زیردست
پیلسم,افراسیاب تورانی,زیردست
لهاک,افراسیاب تورانی,زیردست
فرشیدورد,افراسیاب تورانی,زیردست
ورازاد,افراسیاب تورانی,زیردست
کهرم افراسیاب,افراسیاب تورانی,زیردست
گیو,کی خسرو,زیردست
کبوده,افراسیاب تورانی,زیردست
فرغار,افراسیاب تورانی,زیردست
برزین گرشاسب,کی خسرو,زیردست
خراد (پهلوان),کی خسرو,زیردست
گرگین,کی خسرو,زیردست
گرسیون,افراسیاب تورانی,زیردست
فریبرز,کی خسرو,زیردست
لهراسپ,کی خسرو,زیردست
گژدهم,کاووس,زیردست
گژدهم,کی خسرو,زیردست
فروهل,کی خسرو,زیردست
گرازه,کی خسرو,زیردست
هجیر,کی خسرو,زیردست
کتماره,کی خسرو,زیردست
ژنگوله,افراسیاب تورانی,زیردست
هجیر,کاووس,زیردست
شماخ,کی خسرو,زیردست
منوشان خوزان,کی خسرو,زیردست
خوزان,کی خسرو,زیردست
شاه خوزیان,کی خسرو,زیردست
صباح,کی خسرو,زیردست
شاه کرمان,کی خسرو,زیردست
ایرج پیلتن,کی خسرو,زیردست
گیوه رزم زن,کی خسرو,زیردست
تخوار,کی خسرو,زیردست
نستوه گودرز,کی خسرو,زیردست
زهیر,کی خسرو,زیردست
لشکرستان,کی خسرو,زیردست
منوچهر آرش,کی خسرو,زیردست
پیروز گروخان نژاد,کی خسرو,زیردست
بستام (شه غرچه),کی خسرو,زیردست
سمکنان,کی خسرو,زیردست
آوه,کی خسرو,زیردست
برته,کی خسرو,زیردست
کوهیار,کی خسرو,زیردست
گستهم گژدهم,کی خسرو,زیردست
اندمان توس,کی خسرو,زیردست
خرنجاش,افراسیاب تورانی,زیردست
نستوه (تورانی),افراسیاب تورانی,زیردست
اغریرث جنگجو,افراسیاب تورانی,زیردست
استقیلا,افراسیاب تورانی,زیردست
گستهم نوذر,لهراسپ,زیردست
گرازه,لهراسپ,زیردست
نستاو,قیصر (گشتاسپ),زیردست
اسقف (لهراسپ),قیصر (گشتاسپ),زیردست
ساربان قیصر,قیصر (گشتاسپ),زیردست
بوراب,قیصر (گشتاسپ),زیردست
اسقف قیصر (گشتاسپ),قیصر (گشتاسپ),زیردست
سکوبا (گشتاسپ),قیصر (گشتاسپ),زیردست
قالوس,قیصر (گشتاسپ),زیردست
بهرام زرسپ,لهراسپ,زیردست
ریونیز از تخم زرسپ,لهراسپ,زیردست
بی درفش,ارجاسب,زیردست
گرگسار,ارجاسب,زیردست
خشاش,ارجاسب,زیردست
هوش دیو,ارجاسب,زیردست
گرزم,گشتاسپ,زیردست
ستوه (ارجاسپ),ارجاسب,زیردست
کندر (ارجاسپ),ارجاسب,زیردست
گردوی پهلوی,گشتاسپ,زیردست
ساوه ارجمند,گشتاسپ,زیردست
پشوتن,بهمن اسفندیار,زیردست
ساسان پسر بهمن (اردشیر),شاه نیشابور,زیردست
ماهیار موبد,دارای داراب,زیردست
جانوشیار,دارای داراب,زیردست
نه نامور (اسکندر),اسکندر,زیردست
سورگ,اسکندر,زیردست
خزاعه,قحطان,زیردست
قیطون,اسکندر,زیردست
گلنار,اردشیر بابکان,زیردست
مهرک,اردشیر بابکان,زیردست
شهرگیر,اردشیر بابکان,زیردست
گران خوار,اردشیر بابکان,زیردست
شهرو (شاپور هوبه سونبا),شهرو (شاپور هوبه سونبا),زیردست
ماه آفرید(ایرج),ایرج,زیردست
شیروی (منوچهر),منوچهر,زیردست
شیدوش (منوچهر),منوچهر,زیردست
شیدوش (کاووس),کاووس,زیردست
نگهبان الان دژ,سلم,زیردست
خرداد برزین,خسرو پرویز,زیردست
یانس,قیصر (شاپور),زیردست
سعد (بهرام),بهرام گور,زیردست
آزاده کنیز بهرام,بهرام گور,زیردست
کنیز زیبا رو,بهرام گور,زیردست
نرسی برادر بهرام گور,بهرام گور,زیردست
هرمزد کدخدای,بهرام گور,زیردست
موبد پاک رای,بهرام گور,زیردست
روزبه,بهرام گور,زیردست
موبد (بهرام گور),بهرام گور,زیردست
ایرمان,بهرام گور,زیردست
آزاده کنیز بهرام,بهرام گور,زیردست
بهرام هور,بهرام گور,زیردست
دبیر پرهیزگار (بهرام گور),بهرام گور,زیردست
مهرپرویز بنداد,بهرام گور,زیردست
مهربرزين خراد,بهرام گور,زیردست
بهرام پيروز بهراميان,بهرام گور,زیردست
خزروان رهام,بهرام گور,زیردست
اندمان (بهرام گور),بهرام گور,زیردست
شاه گيلان,بهرام گور,زیردست
شاه رى,بهرام گور,زیردست
دادبرزين رزم آزمای,بهرام گور,زیردست
قارن برزمهر,بهرام گور,زیردست
رادبرزين آزنگ چهر,بهرام گور,زیردست
گستهم (بهرام گور),بهرام گور,زیردست
راهنمایی کارازموده,بهرام گور,زیردست
شمر (پادشاه توران),بهرام گور,زیردست
برزمهر,بهرام گور,زیردست
موبد رهنمون,بهرام گور,زیردست
سوخراش / سوفزای,بلاش,زیردست
سوخراش / سوفزای,قباد پیروز,زیردست
موبدِ بدگوی,قباد پیروز,زیردست
موبد لهراسپ,لهراسپ,زیردست
بزرگمهر,قباد پیروز,زیردست
فرهاد (نوشین روان),کسرا انوشیروان,زیردست
پیروز (نوشین روان),کسرا انوشیروان,زیردست
رشنواد,کسرا انوشیروان,زیردست
شماس,نوش زاد,زیردست
پیروز (نوشین روان),مهر برزین (انوشیروان),زیردست
شاپور (بزم نوشین روان),کسرا انوشیروان,زیردست
یزدگرد دبیر,کسرا انوشیروان,زیردست
زروان,کسرا انوشیروان,زیردست
مشعبد,زروان,زیردست
مهبود,کسرا انوشیروان,زیردست
برزوی پزشک,کسرا انوشیروان,زیردست
خواهر زاده ی بزرگمهر,کسرا انوشیروان,زیردست
زرسپ (نوشین روان),کسرا انوشیروان,زیردست
مهرک,کسرا انوشیروان,زیردست
کارگزار پسا,کسرا انوشیروان,زیردست
مردوی,کسرا انوشیروان,زیردست
قراخان (سپهسالار خراسان),کسرا انوشیروان,زیردست
بهمن (کسرا),کسرا انوشیروان,زیردست
ایزدگشسب,کسرا انوشیروان,زیردست
ماه آذر,کسرا انوشیروان,زیردست
زردهشت (انوشیروان),کسرا انوشیروان,زیردست
موکل (هرمزد),کسرا انوشیروان,زیردست
بدال,قیصر (هرمزد),زیردست
نستوه دوم,هرمزد (پسر بهرام گور),زیردست
خراد (سپهدار جنگ با ساوه),هرمزد (پسر بهرام گور),زیردست
یل سینه,بهرام چوبیه,زیردست
ایزدگشسب,بهرام چوبیه,زیردست
همدان گشسب,بهرام چوبیه,زیردست
مهران دبیر,هرمزد (پسر بهرام گور),زیردست
خراد برزین,هرمزد (پسر بهرام گور),زیردست
بهرام پور سیاوش,بهرام چوبیه,زیردست
آیین گشسب,هرمزد (پسر بهرام گور),زیردست
شاهک,هرمزد (پسر بهرام گور),زیردست
شیرزیل,هرمزد (پسر بهرام گور),زیردست
شیران,هرمزد (پسر بهرام گور),زیردست
وستوی,هرمزد (پسر بهرام گور),زیردست
خنجست,هرمزد (پسر بهرام گور),زیردست
پیل مست,هرمزد (پسر بهرام گور),زیردست
بیورد,هرمزد (پسر بهرام گور),زیردست
شاپور (لشکری خسروپرویز),خسرو پرویز,زیردست
زنگوی,خسرو پرویز,زیردست
مهروی,بهرام چوبیه,زیردست
شهران گراز,بهرام چوبیه,زیردست
خراسان (سپهبد),بهرام چوبیه,زیردست
فرخزاد(نخست),بهرام چوبیه,زیردست
خزروان خسرو,بهرام چوبیه,زیردست
راد فرخ (هرمزد),بهرام چوبیه,زیردست
سنباد,بهرام چوبیه,زیردست
بابوی,بهرام چوبیه,زیردست
بالوی,خسرو پرویز,زیردست
تخوار (خسرو پرویز),خسرو پرویز,زیردست
بالوی,خسرو پرویز,زیردست
سرگس (جنگجو),نیاتوس,زیردست
کوت,نیاتوس,زیردست
دانا پناه,خسرو پرویز,زیردست
رام (پهلوان),بهرام چوبیه,زیردست
نیاتوس,قیصر (خسرو پرویز),زیردست
ارمنی,خسرو پرویز,زیردست
جان فروز,بهرام چوبیه,زیردست
رام برزین (خسرو),خسرو پرویز,زیردست
مهرخسرو,خسرو پرویز,زیردست
برادر خاقان (بهرام),خاقان (بهرام چوبینه),زیردست
مقاتوره,خاقان (بهرام چوبینه),زیردست
حسنوی شاه چین,بهرام چوبیه,زیردست
زنگوی,بهرام چوبیه,زیردست
بهمن (خسرو پرویز),خسرو پرویز,زیردست
مردی سرخ موی و سبز چشم,خسرو پرویز,زیردست
خانگی,قیصر (خسرو پرویز),زیردست
فرخ,خسرو پرویز,زیردست
باربد,خسرو پرویز,زیردست
سرگس (جنگجو),خسرو پرویز,زیردست
مردوی,خسرو پرویز,زیردست
فرعان,خسرو پرویز,زیردست
فرخ زاد آزرمگان,خسرو پرویز,زیردست
سعد وقاص,عمر,زیردست
پیروز شاپور فرخ نژاد,رستم فرخ زاد,زیردست
فرخ زاد هرمزد,رستم فرخ زاد,زیردست
ماهوی,یزدگرد سوم,زیردست
کنارنگ توس,یزدگرد سوم,زیردست
مرزبان کلات,یزدگرد سوم,زیردست
مرزبان رویین دژ,یزدگرد سوم,زیردست
مرزبان شمیران,یزدگرد سوم,زیردست
بیژن ترخان,شاه چین (یزدگرد),زیردست
برسام,بیژن ترخان,زیردست
دو پیشکار (ماهوی),ماهوی,زیردست
پهلوان ماهوی,ماهوی,زیردست
گرسیون (یزدگرد),یزدگرد سوم,زیردست
دایه مالکه,مالکه,زیردست
هوشیوار بدار دل,شاپور هوبه سنبا,زیردست
چمانی طایر,مالکه,زیردست
کدخدای پهلوان,شاپور هوبه سنبا,زیردست
رستم فرخ زاد,یزدگرد سوم,زیردست
همای (فرستاده‌ی بهرام گور),بهرام گور,زیردست
شهرو (شاپور هوبه سونبا),شاپور هوبه سنبا,زیردست
فرایین(آپادشاهی ),اردشیر شیروی,زیردست
خراد (پهلوان),کی قباد,زیردست
خراد (پهلوان),کاووس,زیردست
برزین پهلوان,نوذر,زیردست
برزین پهلوان,کی قباد,زیردست
برزین پهلوان,کاووس,زیردست
ترجمان (اسکندر),اسکندر,زیردست
دستور اردوان,اردوان,زیردست
موبد رای زن (در کار فارس),اردشیر بابکان,زیردست
بناک شاه جهرم,اردشیر بابکان,زیردست
بناک شاه جهرم,بهمن اردوان,زیردست
مرد جوینده,اردشیر بابکان,زیردست
کروخان,افراسیاب تورانی,زیردست
بیدار دانش‌پژوه (شاه هاماوران),کاووس,زیردست
گوینده خبر (شاه هاماوران),کاووس,زیردست
مردی با گوهر (کاووس),کاووس,زیردست
فرهاد مازندران,کاووس,زیردست
سیه چشم(گنجور زال),زال زر,زیردست
مهرنوش پرستار,کسرا انوشیروان,زیردست
سام اسفندیار,خسرو پرویز,زیردست
پرستار ویژه‌ی بهرام,بهرام گور,زیردست
سعد (بهرام),منذر,زیردست
قارن (بهرام گور),بهرام گور,زیردست
گستهم (بهرام گور),خسرو پرویز,زیردست
بیطقون,اسکندر,زیردست
خسرو پرویز,فرعان,زیردست
اشتاد,خسرو پرویز,زیردست
پیروز گرشاسپ,منوچهر,زیردست
پیروز خسرو,اردشیر شیروی,زیردست
فرآیین (گواه),قباد پیروز,زیردست
بارمان دوم,افراسیاب تورانی,زیردست
بارمان دوم,سهراب,زیردست
وستوی,خسرو پرویز,زیردست
گرزسپ,شاپور هوبه سنبا,زیردست
زنی شیرین سخن,زال زر,زیردست
پهلوان,بهرام گور,زیردست
مهراس (انوشیروان),قیصر (عهد انوشیروان),زیردست
برزمهر (انوشیروان),کسرا انوشیروان,زیردست
برزمهر (خسرو پرویز),خسرو پرویز,زیردست
مرد پاکدل (سلم و تور),سلم,زیردست
مرد پاکدل (سلم و تور),تور,زیردست
قباد پهلوان,نوذر,زیردست
گرسیون (زیر دست ماهوی),ماهوی,زیردست
سرگس (نوازنده),خسرو پرویز,زیردست
کلباد نخست,افراسیاب تورانی,زیردست
شاپور نستوه,نوذر,زیردست
موبد پاک رای (بهرام),بهرام بهرام,زیردست
مرد بینا دل (فرستاده‌ی خوشنواز),خوشنواز,زیردست
تلیمان,منوچهر,زیردست
زال زر,نوذر,زیردست
مهراب,کی قباد,زیردست
گژدهم,کی قباد,زیردست
میلاد,کاووس,زیردست
مرد زورآزمای,شاه مازندران,زیردست
کلاهور,شاه مازندران,زیردست
جویان,شاه مازندران,زیردست
گرازه,کاووس,زیردست
زواره,کاووس,زیردست
هیربد کاووس,کاووس,زیردست
نستیهن,افراسیاب تورانی,زیردست
هومان,افراسیاب تورانی,زیردست
گودرز,کی خسرو,زیردست
گو (خسروپرویز),خسرو پرویز,زیردست
موبدان آزماینده ی زال,منوچهر,زیردست
فرهاد,کی خسرو,زیردست
بیژن,کی خسرو,زیردست
رویین (ایرانی),کی خسرو,زیردست
شیدوش (کاووس),کی خسرو,زیردست
اشکش,کی خسرو,زیردست
توس,کی خسرو,زیردست
زرسپ طوس,کی خسرو,زیردست
ریونیز داماد توس,کی خسرو,زیردست
هومان,افراسیاب تورانی,زیردست
بازور,پیران ویسه,زیردست
اشکبوس,افراسیاب تورانی,زیردست
الوای زابلی,کی خسرو,زیردست
چنگش,افراسیاب تورانی,زیردست
گله‌دار اسبان افراسیاب,افراسیاب تورانی,زیردست
شاپور نیو,کی خسرو,زیردست
دایه منیژه,منیژه,زیردست
زنگه,کی خسرو,زیردست
دلافروز (کی خسرو),کی خسرو,زیردست
تخوار (فرود),فرود,زیردست
قارن کاوه,کی خسرو,زیردست
کبرد,افراسیاب تورانی,زیردست
کاکله,افراسیاب تورانی,زیردست
طلایه دار سپاه مکران,شاه مکران,زیردست
زرسپ (کیخسرو),کی خسرو,زیردست
سنجه چینی,غاتفر,زیردست
سنجه,شاه مازندران,زیردست
ساوه ارجمند,لهراسپ,زیردست
زریر,گشتاسپ,زیردست
بستور,گشتاسپ,زیردست
ترخان (اسنفدیار),ارجاسب,زیردست
گلینوش,شاه شیرویه,زیردست
اشتاد,شاه شیرویه,زیردست
گیو,گروی,دستگیر کننده
رستم,شاه شام,دستگیر کننده
سهراب,هجیر,دستگیر کننده
رستم,خاقان (خاقان چین),دستگیر کننده
رستم,جهن,دستگیر کننده
رستم,گرسیوز,دستگیر کننده
هوم,افراسیاب تورانی,دستگیر کننده
گشتاسپ,الیاس,دستگیر کننده
خراد (گرفتار کننده اردوان),اردوان,دستگیر کننده
طایر,نوشه,دستگیر کننده
گرزسپ,برانوش,دستگیر کننده
فریدون,ضحاک,دستگیر کننده
گیو,پیران ویسه,دستگیر کننده
شهرگیر,قیدروش,دستگیر کننده
شهرگیر,دختر فریان,دستگیر کننده
رستم,کاموس کشانی,دستگیر کننده
اسفندیار,گرگسار,دستگیر کننده
اسفندیار,کهرم پسر بزرگ ارجاسپ,دستگیر کننده
کاووس,شاه مازندران,فرمان مرگ
کی خسرو,گرسیوز,فرمان مرگ
بهمن اسفندیار,فرامرز,فرمان مرگ
اسکندر,ماهیار موبد,فرمان مرگ
اسکندر,جانوشیار,فرمان مرگ
اردشیر بابکان,اردوان,فرمان مرگ
اردشیر بابکان,شاهوی,فرمان مرگ
کسرا انوشیروان,نوش زاد,فرمان مرگ
اسفندیار,اندریمان (برادر ارجاسب),فرمان مرگ
اسفندیار,کهرم پسر بزرگ ارجاسپ,فرمان مرگ
خاقان (خاقان چین),افراسیاب تورانی,همپیمان
کاموس کشانی,افراسیاب تورانی,همپیمان
شنگل (, افراسیاب),همپیمان
منشور,افراسیاب تورانی,همپیمان
کندر (افراسیاب),افراسیاب تورانی,همپیمان
بیورد کاتی,افراسیاب تورانی,همپیمان
سگسار,افراسیاب تورانی,همپیمان
فرتوس,افراسیاب تورانی,همپیمان
گهار,افراسیاب تورانی,همپیمان
شمیران شگنی,افراسیاب تورانی,همپیمان
گردوی تورانی,افراسیاب تورانی,همپیمان
پولادوند,افراسیاب تورانی,همپیمان
فغفور (دوزاده رخ),افراسیاب تورانی,همپیمان
خاقان چین (دوازده رخ),افراسیاب تورانی,همپیمان
شاه چگل,ارجاسب,همپیمان
شاه سوس,فیلقوس,همپیمان
خاقان چین (افراسیاب),افراسیاب تورانی,همپیمان
شاه سند,افراسیاب تورانی,همپیمان
کهیلا,افراسیاب تورانی,نبیره
کاکوی,ضحاک,نبیره
ایلا,افراسیاب تورانی,نبیره
کاکله,تور,نبیره
هوم,فریدون,نبیره
اسکندر,فیلقوس,نبیره
نصر قتیب,اسماعیل,نبیره
اردشیر بابکان,بابک,نبیره
مهراب,ضحاک,نبیره
آبتین,تهمورث,نبیره
پشنگ (فریدون),جمشید,نبیره
بهرام گور,شمیران شه,نبیره
خسرو (بهرام گور),کی پشین,نبیره
نصر قتیب,اسماعیل,نبیره
اردشیر بابکان,ساسان ساسانیان,نبیره
کرکوی,سلم,نبیره
کاکوی,سلم,نبیره
لهراسپ,هوشنگ,نبیره
زادشم,تور,نبیره
زو تهماسب,فریدون,نبیره
کی قباد,فریدون,نبیره
کتماره,قارن کاوه,نبیره
آزرم دخت,پوران دخت,جانشین
یزدگرد سوم,فرخ زاد (شاه),جانشین
بلاش,پیروز (شاه),جانشین
قباد پیروز,بلاش,جانشین
برانوش (,),جانشین
فرخ زاد (شاه),آزرم دخت,جانشین
زو تهماسب,نوذر,جانشین
کاووس,کی قباد,جانشین
اولاد,شاه مازندران,جانشین
کی قباد,زو تهماسب,جانشین
نوذر,منوچهر,جانشین
منوچهر,فریدون,جانشین
فریدون,ضحاک,جانشین
ضحاک,جمشید,جانشین
جمشید,تهمورث,جانشین
تهمورث,هوشنگ,جانشین
هوشنگ,کیومرث,جانشین
کی خسرو,کاووس,جانشین
افراسیاب تورانی,پشنگ,جانشین
لهراسپ,کی خسرو,جانشین
گشتاسپ,لهراسپ,جانشین
بهمن اسفندیار,گشتاسپ,جانشین
همای بهمن,بهمن اسفندیار,جانشین
داراب,همای بهمن,جانشین
دارای داراب,داراب,جانشین
اسکندر,دارای داراب,جانشین
اردوان,اسکندر,جانشین
اردشیر بابکان,اردوان,جانشین
شاپور اردشیر,اردشیر بابکان,جانشین
اورمزد شاپور,شاپور اردشیر,جانشین
بهرام اورمزد,اورمزد شاپور,جانشین
بهرام بهرام,بهرام اورمزد,جانشین
بهرام بهرامیان,بهرام بهرام,جانشین
نرسی بهرام,بهرام بهرامیان,جانشین
اورمزد نرسی,نرسی بهرام,جانشین
شاپور هوبه سنبا,اورمزد نرسی,جانشین
اورمزد نرسی,شاپور هوبه سنبا,جانشین
شاپور پسر شاپور هوبه سنبا,اورمزد نرسی,جانشین
بهرام شاپور,شاپور پسر شاپور هوبه سنبا,جانشین
یزدگرد بزه کار,بهرام شاپور,جانشین
بهرام گور,یزدگرد بزه کار,جانشین
یزدگرد پور بهرام گور,بهرام گور,جانشین
شاپور پسر شاپور هوبه سنبا,یزدگرد پور بهرام گور,جانشین
پیروز (شاه),شاپور پسر شاپور هوبه سنبا,جانشین
کسرا انوشیروان,قباد پیروز,جانشین
هرمز پسر نوشین روان,کسرا انوشیروان,جانشین
خسرو پرویز,هرمز پسر نوشین روان,جانشین
شاه شیرویه,خسرو پرویز,جانشین
اردشیر شیروی,شاه شیرویه,جانشین
فرایین(آپادشاهی ),اردشیر شیروی,جانشین
پوران دخت,فرایین(آپادشاهی )',جانشین
